"package";"status";"topics";"message"
"spdep";"error";0;"objet 'status_rows' introuvable"
"spatialreg";"error";0;"objet 'status_rows' introuvable"
"spData";"error";0;"objet 'status_rows' introuvable"
"spDataLarge";"error";0;"objet 'status_rows' introuvable"
"sphet";"error";0;"objet 'status_rows' introuvable"
"spse";"error";0;"objet 'status_rows' introuvable"
"GWmodel";"error";0;"objet 'status_rows' introuvable"
"mgwrsar";"error";0;"objet 'status_rows' introuvable"
"spgwr";"error";0;"objet 'status_rows' introuvable"
"gstat";"error";0;"objet 'status_rows' introuvable"
"sp";"error";0;"objet 'status_rows' introuvable"
"sf";"error";0;"objet 'status_rows' introuvable"
"sfdep";"error";0;"objet 'status_rows' introuvable"
"plm";"error";0;"objet 'status_rows' introuvable"
"splm";"error";0;"objet 'status_rows' introuvable"
"spacetime";"error";0;"objet 'status_rows' introuvable"
"surveillance";"error";0;"objet 'status_rows' introuvable"
"SpatialEpi";"error";0;"objet 'status_rows' introuvable"
"spatstat";"error";0;"objet 'status_rows' introuvable"
"spatstat.data";"error";0;"objet 'status_rows' introuvable"
"CARBayes";"error";0;"objet 'status_rows' introuvable"
"CARBayesST";"error";0;"objet 'status_rows' introuvable"
"spaMM";"error";0;"objet 'status_rows' introuvable"
"vegan";"error";0;"objet 'status_rows' introuvable"
"ade4";"error";0;"objet 'status_rows' introuvable"
"dismo";"error";0;"objet 'status_rows' introuvable"
"MASS";"error";0;"objet 'status_rows' introuvable"
"HistData";"error";0;"objet 'status_rows' introuvable"
"AER";"error";0;"objet 'status_rows' introuvable"
"agridat";"error";0;"objet 'status_rows' introuvable"
"giscoR";"error";0;"objet 'status_rows' introuvable"
